date,harm_event,context_load,ambiguity_score,environment_risk,memory_hit_rate,tool_call_rate,tool_retry_rate,approval_present,rollback_available,novel_action_rate,policy_override_attempt_rate,guardrail_trigger_rate,latency_ms,blast_radius,recovery_time_score,negative_control_outcome,action_active
2025-01-01,0,0.2477,0.5285,0.3414,0.4064,0.3542,0.174,1,1,0.2025,0.0734,0.2883,0.4532,0.4021,0.0383,0.5556,0
2025-01-02,0,0.1087,0.374,0.1419,0.311,0.0538,0.1309,1,1,0.2595,0.0922,0.0,0.2503,0.3735,0.0,0.54,0
2025-01-03,0,0.1592,0.3425,0.5483,0.2908,0.1121,0.2332,1,1,0.2752,0.1739,0.048,0.2325,0.592,0.0653,0.607,0
2025-01-04,0,0.1599,0.736,0.5452,0.2394,0.2162,0.3379,1,1,0.3545,0.2801,0.3619,0.199,0.512,0.0,0.4484,1
2025-01-05,0,0.0199,0.3795,0.5476,0.4738,0.0214,0.1486,1,1,0.2447,0.2525,0.4678,0.2057,0.4286,0.0,0.5785,0
2025-01-06,0,0.0,0.3575,0.4982,0.4922,0.0417,0.0246,1,1,0.3678,0.3169,0.4026,0.1878,0.4597,0.0,0.4492,0
2025-01-07,0,0.0,0.4485,0.2686,0.3118,0.0537,0.0001,1,1,0.2415,0.1954,0.3157,0.1605,0.3919,0.0383,0.4634,0
2025-01-08,0,0.0,0.3889,0.4832,0.3016,0.119,0.0021,1,1,0.2739,0.1671,0.2864,0.0,0.3318,0.0,0.5677,0
2025-01-09,0,0.0262,0.5151,0.3854,0.4731,0.1642,0.0,1,1,0.282,0.1676,0.2507,0.0,0.5422,0.0,0.5147,0
2025-01-10,0,0.2519,0.3093,0.6976,0.433,0.308,0.1309,1,1,0.19,0.2095,0.2711,0.1007,0.3259,0.1025,0.5438,0
2025-01-11,0,0.1866,0.5125,0.6807,0.2934,0.2623,0.1474,1,1,0.2663,0.2496,0.2548,0.2082,0.432,0.0,0.4461,0
2025-01-12,1,0.341,0.4483,0.5711,0.3176,0.2336,0.1511,1,1,0.2701,0.2541,0.4196,0.2999,0.5094,0.4494,0.5326,0
2025-01-13,0,0.2354,0.4627,0.5414,0.4369,0.3494,0.3303,1,1,0.1425,0.2946,0.4107,0.4151,0.6304,0.0,0.2674,1
2025-01-14,0,0.1648,0.3156,0.4212,0.5299,0.0785,0.0203,1,1,0.1535,0.2375,0.2394,0.1344,0.4014,0.0,0.4623,0
2025-01-15,0,0.112,0.4961,0.2523,0.4475,0.0223,0.0,1,1,0.2726,0.2355,0.4311,0.0,0.5097,0.0,0.384,0
2025-01-16,0,0.1443,0.5546,0.3334,0.4648,0.0923,0.219,1,1,0.2221,0.0494,0.0,0.0312,0.5246,0.0,0.5029,0
2025-01-17,0,0.4241,0.5705,0.4704,0.4003,0.2343,0.3355,1,1,0.1707,0.1572,0.0713,0.2831,0.2896,0.006,0.4915,0
2025-01-18,0,0.5345,0.7915,0.4779,0.4197,0.4106,0.1322,1,1,0.3181,0.1165,0.1576,0.3261,0.5655,0.0148,0.6657,0
2025-01-19,0,0.0302,0.3561,0.1969,0.6221,0.4016,0.3201,1,1,0.283,0.1207,0.1432,0.3419,0.5479,0.0137,0.4103,0
2025-01-20,0,0.0,0.6244,0.4946,0.6,0.273,0.213,1,1,0.2615,0.1562,0.1976,0.3018,0.2826,0.0,0.4733,0
2025-01-21,1,0.0,0.4808,0.6388,0.5487,0.1501,0.235,1,1,0.3193,0.383,0.2905,0.226,0.4092,0.4454,0.3333,1
2025-01-22,0,0.0621,0.295,0.6196,0.688,0.1716,0.2622,1,1,0.1745,0.2002,0.3118,0.3533,0.5428,0.0,0.4597,0
2025-01-23,0,0.0881,0.4021,0.5312,0.6431,0.1382,0.2221,1,1,0.2581,0.3691,0.3958,0.283,0.3121,0.0,0.4655,1
2025-01-24,0,0.231,0.5797,0.5303,0.384,0.1692,0.1717,1,1,0.3291,0.2591,0.248,0.2499,0.4623,0.0093,0.5054,1
2025-01-25,0,0.2491,0.636,0.6761,0.3482,0.305,0.2471,1,1,0.2102,0.1424,0.3743,0.2678,0.4763,0.0,0.4807,0
2025-01-26,0,0.0,0.4549,0.4106,0.5318,0.2612,0.139,1,1,0.2925,0.0299,0.4252,0.2888,0.5509,0.0,0.3665,0
2025-01-27,0,0.0995,0.4102,0.6541,0.4525,0.2468,0.0289,1,1,0.1389,0.2076,0.4058,0.1413,0.3945,0.0,0.3596,0
2025-01-28,0,0.0,0.3574,0.2826,0.3625,0.1835,0.2042,1,1,0.1334,0.0904,0.3549,0.1119,0.5187,0.0033,0.4036,0
2025-01-29,0,0.0,0.4823,0.3546,0.4978,0.1676,0.108,1,1,0.3218,0.0814,0.2783,0.0,0.4886,0.0,0.4953,0
2025-01-30,0,0.3021,0.2923,0.2975,0.3779,0.067,0.1516,1,1,0.3355,0.0847,0.2818,0.0,0.2975,0.0989,0.5526,0
2025-01-31,0,0.4002,0.5357,0.4392,0.3637,0.4342,0.1685,1,1,0.1856,0.1936,0.35,0.096,0.2824,0.0805,0.3719,0
2025-02-01,0,0.4223,0.3972,0.589,0.2375,0.3571,0.0892,1,1,0.3374,0.2067,0.2618,0.0348,0.443,0.0,0.5359,0
2025-02-02,0,0.027,0.4002,0.3767,0.4856,0.4864,0.2231,1,1,0.2245,0.1382,0.2363,0.0854,0.4731,0.0,0.442,0
2025-02-03,0,0.0,0.2673,0.3773,0.4565,0.3357,0.2425,1,1,0.0665,0.0811,0.1733,0.0,0.3747,0.0,0.3686,0
2025-02-04,0,0.0,0.2633,0.4014,0.4386,0.2351,0.1035,1,1,0.1284,0.0809,0.2419,0.0,0.43,0.0,0.4525,0
2025-02-05,0,0.0253,0.3725,0.5399,0.5207,0.2156,0.0128,1,1,0.2987,0.1853,0.1266,0.1419,0.4476,0.0086,0.3806,0
2025-02-06,0,0.1055,0.348,0.6556,0.4721,0.2265,0.2934,1,1,0.2372,0.1216,0.1665,0.2362,0.4943,0.0768,0.5164,0
2025-02-07,0,0.3932,0.64,0.6671,0.5238,0.3547,0.3047,1,1,0.1148,0.2127,0.2507,0.3448,0.2719,0.0,0.5284,0
2025-02-08,0,0.0914,0.3851,0.6141,0.5523,0.2009,0.261,1,0,0.1675,0.2612,0.3657,0.4489,0.5676,0.3139,0.6063,0
2025-02-09,0,0.0199,0.4013,0.5859,0.7427,0.1559,0.2255,1,1,0.186,0.3609,0.2652,0.3105,0.4505,0.0957,0.3359,1
2025-02-10,0,0.0,0.4472,0.3768,0.5134,0.2775,0.3024,1,1,0.3439,0.2825,0.3908,0.2098,0.3789,0.0,0.4565,1
2025-02-11,0,0.0,0.2708,0.4425,0.4929,0.3031,0.2107,1,1,0.5113,0.4622,0.406,0.2458,0.6964,0.0,0.4312,1
2025-02-12,0,0.1604,0.3401,0.2564,0.3368,0.3329,0.1703,1,1,0.4393,0.3322,0.3897,0.1849,0.4409,0.0775,0.4978,1
2025-02-13,0,0.1873,0.4162,0.4028,0.4509,0.0952,0.0664,1,1,0.4493,0.302,0.4294,0.3441,0.4732,0.1158,0.6177,1
2025-02-14,0,0.4366,0.4817,0.6993,0.5655,0.2886,0.2499,0,1,0.3303,0.3417,0.4956,0.3252,0.3498,0.0,0.5711,1
2025-02-15,0,0.2302,0.4327,0.0919,0.6303,0.3047,0.382,1,1,0.0825,0.1337,0.152,0.3032,0.343,0.038,0.4226,0
2025-02-16,0,0.0562,0.4043,0.3167,0.5785,0.1758,0.2356,1,1,0.3712,0.3402,0.3629,0.3216,0.4034,0.0098,0.4511,1
2025-02-17,0,0.0,0.4129,0.321,0.5587,0.0285,0.1462,1,1,0.2758,0.3132,0.3815,0.1098,0.4237,0.0,0.4123,0
2025-02-18,0,0.0041,0.3065,0.417,0.5023,0.2414,0.0,1,1,0.3143,0.3242,0.4842,0.0,0.5449,0.0,0.465,0
2025-02-19,0,0.0,0.1092,0.3893,0.3716,0.0713,0.0724,1,1,0.2063,0.1339,0.2663,0.0,0.2876,0.0,0.3418,0
2025-02-20,0,0.138,0.4327,0.5401,0.4232,0.2103,0.1595,1,1,0.2889,0.225,0.1529,0.0809,0.4404,0.0,0.7089,0
2025-02-21,0,0.1449,0.2811,0.3096,0.4139,0.1789,0.0974,1,1,0.3111,0.1584,0.1895,0.2104,0.6836,0.0,0.5303,0
2025-02-22,0,0.1428,0.2892,0.4637,0.434,0.0558,0.0091,1,1,0.1012,0.1252,0.225,0.1312,0.2165,0.0401,0.5879,0
2025-02-23,0,0.0,0.2758,0.5548,0.4225,0.0,0.0,1,1,0.2915,0.1516,0.3653,0.018,0.4417,0.015,0.4165,0
2025-02-24,0,0.0,0.4457,0.6164,0.4246,0.0,0.0344,1,1,0.4316,0.2645,0.4631,0.0,0.6052,0.0118,0.4228,0
2025-02-25,0,0.0,0.6502,0.3446,0.4636,0.1528,0.2254,1,1,0.3603,0.2606,0.349,0.0,0.4578,0.0,0.4025,1
2025-02-26,0,0.0,0.2502,0.4557,0.3922,0.2577,0.4512,1,1,0.3594,0.2717,0.345,0.2824,0.3462,0.0026,0.6127,1
2025-02-27,0,0.0982,0.3402,0.4685,0.5073,0.2187,0.3832,1,1,0.3848,0.3304,0.3628,0.2947,0.5991,0.0,0.5631,1
2025-02-28,0,0.3782,0.3382,0.6297,0.3772,0.1221,0.3992,1,1,0.2704,0.376,0.501,0.2702,0.5401,0.0,0.6259,1
2025-03-01,0,0.2585,0.4154,0.3559,0.3962,0.1899,0.2544,1,1,0.297,0.3684,0.5114,0.324,0.6907,0.0795,0.5179,1
2025-03-02,0,0.3523,0.7614,0.1712,0.2833,0.3759,0.418,1,1,0.4229,0.3489,0.3632,0.4784,0.237,0.0,0.5333,1
2025-03-03,0,0.0,0.2756,0.3823,0.2989,0.1385,0.1297,1,1,0.4336,0.3027,0.4451,0.3213,0.4805,0.0989,0.3752,1
2025-03-04,0,0.0,0.3775,0.3831,0.3093,0.2562,0.1494,1,1,0.3867,0.312,0.3312,0.447,0.5173,0.1161,0.3688,1
2025-03-05,0,0.027,0.4705,0.4212,0.4046,0.1831,0.011,1,1,0.378,0.2303,0.244,0.2753,0.498,0.0,0.4147,0
2025-03-06,0,0.0,0.2646,0.6247,0.3571,0.2186,0.0,1,1,0.286,0.2974,0.4922,0.2214,0.5024,0.0409,0.5585,0
2025-03-07,0,0.458,0.5542,0.8022,0.1352,0.2685,0.2409,1,1,0.3079,0.2021,0.4631,0.5042,0.6211,0.0,0.5651,1
2025-03-08,0,0.642,0.5097,0.581,0.2483,0.4691,0.2858,1,1,0.249,0.0462,0.4368,0.4617,0.4824,0.1362,0.4513,0
2025-03-09,0,0.5546,0.7562,0.5558,0.1517,0.4803,0.2231,1,0,0.2415,0.1174,0.3328,0.4909,0.4673,0.3891,0.2855,0
2025-03-10,1,0.2592,0.3907,0.5727,0.276,0.2704,0.1779,1,1,0.1922,0.3314,0.5713,0.2664,0.4952,0.616,0.4202,0
2025-03-11,0,0.0956,0.3577,0.4744,0.3095,0.3128,0.1868,1,1,0.2288,0.2035,0.3939,0.3604,0.4752,0.0506,0.4266,0
2025-03-12,0,0.1621,0.4136,0.5956,0.2616,0.4306,0.2753,1,1,0.1933,0.2288,0.2844,0.4734,0.3742,0.0,0.3393,0
2025-03-13,0,0.3506,0.671,0.6167,0.1661,0.3232,0.4999,1,1,0.4342,0.476,0.5092,0.4825,0.5883,0.0,0.4935,1
2025-03-14,0,0.4844,0.4369,0.5437,0.2227,0.6308,0.4026,1,1,0.4173,0.48,0.4157,0.4734,0.3744,0.0876,0.6011,1
2025-03-15,0,0.2517,0.4359,0.4525,0.3486,0.3965,0.3483,1,1,0.5268,0.2342,0.3445,0.4682,0.4743,0.0388,0.543,1
2025-03-16,0,0.0697,0.1615,0.3407,0.3283,0.1919,0.2732,1,1,0.2852,0.2936,0.4217,0.4634,0.5855,0.0287,0.5226,1
2025-03-17,0,0.0,0.4293,0.2363,0.3801,0.0,0.1077,1,1,0.3937,0.2533,0.3059,0.1995,0.4907,0.0,0.451,1
2025-03-18,0,0.0927,0.4279,0.1856,0.3416,0.0,0.0,1,1,0.1699,0.2403,0.3596,0.0885,0.3195,0.0,0.473,0
2025-03-19,0,0.1791,0.6324,0.5692,0.5217,0.2136,0.0,1,1,0.2213,0.3104,0.3159,0.0381,0.6126,0.0,0.5741,0
2025-03-20,0,0.3367,0.5656,0.2119,0.3914,0.2216,0.0428,1,1,0.2315,0.1424,0.4379,0.0816,0.2668,0.0004,0.5218,0
2025-03-21,0,0.3952,0.4701,0.4416,0.3858,0.3718,0.128,1,1,0.5797,0.1863,0.5232,0.1999,0.5025,0.0615,0.6989,1
2025-03-22,0,0.2268,0.3953,0.4594,0.4525,0.3834,0.3665,1,1,0.5694,0.2791,0.2917,0.189,0.3864,0.0,0.6419,1
2025-03-23,0,0.0,0.6401,0.5916,0.4813,0.2829,0.3606,1,1,0.4454,0.4339,0.2022,0.26,0.4544,0.0692,0.452,1
2025-03-24,1,0.0,0.1774,0.6119,0.4485,0.2569,0.2953,1,1,0.3189,0.4871,0.3583,0.281,0.385,0.7008,0.4048,1
2025-03-25,0,0.0,0.1733,0.585,0.7593,0.2533,0.3692,1,1,0.3527,0.2953,0.3468,0.3069,0.5879,0.0423,0.3609,1
2025-03-26,0,0.0,0.4086,0.386,0.5448,0.0487,0.2064,1,1,0.1143,0.2373,0.3257,0.3983,0.2535,0.1027,0.4827,0
2025-03-27,0,0.0,0.6393,0.4153,0.4313,0.0,0.2263,1,1,0.1405,0.2441,0.3433,0.2019,0.4773,0.0,0.5532,0
2025-03-28,0,0.1499,0.3722,0.2221,0.4175,0.1791,0.3734,1,1,0.0794,0.246,0.3712,0.3277,0.3867,0.0657,0.5403,0
2025-03-29,0,0.0,0.796,0.4908,0.6523,0.1085,0.4753,1,1,0.2433,0.1393,0.2989,0.0936,0.2641,0.0,0.5302,1
2025-03-30,0,0.0,0.6703,0.5289,0.6069,0.3053,0.339,1,1,0.1597,0.1455,0.1507,0.1963,0.5842,0.0073,0.3848,0
2025-03-31,0,0.0,0.227,0.512,0.8204,0.2599,0.2024,1,1,0.2279,0.206,0.2585,0.2615,0.3865,0.0,0.3672,0
2025-04-01,0,0.0,0.3797,0.1851,0.7223,0.2543,0.0836,1,1,0.296,0.325,0.326,0.1884,0.5773,0.1076,0.3693,0
2025-04-02,0,0.0,0.7711,0.5268,0.5502,0.2758,0.2055,1,1,0.2729,0.3242,0.3589,0.3148,0.4844,0.0,0.5207,1
2025-04-03,0,0.0,0.2246,0.5326,0.4559,0.2491,0.1978,1,1,0.17,0.2275,0.4002,0.3272,0.3794,0.038,0.5702,0
2025-04-04,0,0.4477,0.9284,0.6413,0.3915,0.3541,0.2423,1,1,0.2981,0.2207,0.4538,0.3264,0.4633,0.1468,0.6381,1
2025-04-05,1,0.7307,0.7673,0.8317,0.2693,0.5567,0.655,0,1,0.5628,0.3608,0.5724,0.6339,0.5305,0.5557,0.4881,1
2025-04-06,0,0.344,0.4999,0.577,0.3522,0.2827,0.6793,1,1,0.3877,0.3271,0.5279,0.618,0.3398,0.3127,0.3051,1
2025-04-07,0,0.3,0.558,0.5475,0.506,0.1596,0.4792,1,1,0.2994,0.3051,0.3861,0.6434,0.3896,0.0,0.4575,1
2025-04-08,0,0.1406,0.0775,0.5204,0.383,0.0755,0.4297,1,1,0.3764,0.3059,0.5304,0.4962,0.4066,0.1504,0.4992,1
2025-04-09,0,0.2266,0.4863,0.5331,0.3405,0.4026,0.3964,1,1,0.4245,0.3607,0.4399,0.4062,0.522,0.0,0.5657,1
2025-04-10,1,0.3448,0.5747,0.725,0.4152,0.3861,0.6056,1,1,0.4587,0.3999,0.374,0.4732,0.5458,0.5805,0.5549,1
2025-04-11,0,0.4424,0.3181,0.5449,0.3677,0.37,0.3342,1,1,0.3143,0.4435,0.3148,0.415,0.6185,0.0086,0.6157,1
2025-04-12,0,0.6141,0.2979,0.5159,0.202,0.2495,0.1909,1,1,0.1864,0.3399,0.3627,0.3289,0.4699,0.0422,0.4912,0
2025-04-13,0,0.3285,0.3837,0.5376,0.3572,0.1665,0.1744,1,1,0.2537,0.2083,0.2508,0.2446,0.6725,0.0,0.4116,0
2025-04-14,0,0.0202,0.4989,0.402,0.6356,0.1965,0.3568,1,1,0.1016,0.1667,0.2252,0.2265,0.1761,0.0,0.3675,0
2025-04-15,0,0.0,0.3681,0.3863,0.4743,0.0516,0.2734,1,1,0.1161,0.0895,0.201,0.2924,0.2743,0.076,0.3856,0
2025-04-16,0,0.1253,0.2386,0.1298,0.348,0.0426,0.1495,1,1,0.0,0.1017,0.0,0.1535,0.2745,0.0,0.4195,0
2025-04-17,0,0.1922,0.5499,0.4628,0.2871,0.0532,0.0746,1,1,0.3285,0.1354,0.0753,0.1642,0.5532,0.0671,0.5889,0
2025-04-18,0,0.4364,0.7271,0.4922,0.4402,0.2541,0.2189,1,1,0.4493,0.1143,0.2695,0.2745,0.5077,0.0,0.6494,1
2025-04-19,0,0.1166,0.4534,0.1554,0.5256,0.1539,0.3032,1,1,0.3233,0.2074,0.1317,0.2008,0.6383,0.0,0.5213,1
2025-04-20,0,0.0,0.5667,0.6408,0.4649,0.0,0.3481,1,1,0.4509,0.2055,0.2576,0.0485,0.3754,0.0,0.639,1
2025-04-21,0,0.0,0.3103,0.5516,0.6791,0.1049,0.1252,1,1,0.249,0.161,0.3835,0.087,0.338,0.0,0.4262,0
2025-04-22,0,0.0,0.5611,0.5563,0.4711,0.1907,0.2842,1,1,0.2279,0.12,0.4234,0.0489,0.2214,0.0,0.3973,0
2025-04-23,0,0.0,0.2144,0.3402,0.4666,0.1814,0.0,1,1,0.0858,0.1746,0.2893,0.0,0.564,0.0,0.516,0
2025-04-24,0,0.233,0.4178,0.6699,0.3745,0.3484,0.0797,1,1,0.2279,0.2255,0.5518,0.1584,0.3897,0.0,0.6684,0
2025-04-25,0,0.3734,0.4505,0.5079,0.3802,0.343,0.1012,1,1,0.216,0.1891,0.3788,0.2602,0.3155,0.0,0.5455,0
2025-04-26,0,0.0,0.2344,0.4991,0.3517,0.2315,0.2544,1,1,0.181,0.1076,0.4113,0.2723,0.5279,0.1001,0.6111,0
2025-04-27,0,0.0,0.4705,0.4815,0.4543,0.225,0.3551,1,1,0.2278,0.2381,0.3378,0.2455,0.6482,0.0,0.3995,1
2025-04-28,0,0.0,0.7017,0.4306,0.5861,0.1088,0.3415,1,1,0.2217,0.2681,0.3379,0.1307,0.4388,0.0,0.4504,1
2025-04-29,0,0.0,0.3385,0.2126,0.7196,0.1426,0.3597,1,1,0.2916,0.204,0.2559,0.1631,0.4144,0.0,0.4095,1
2025-04-30,0,0.0,0.4478,0.23,0.6015,0.1393,0.225,1,1,0.49,0.338,0.3191,0.1588,0.7053,0.0,0.5243,1
2025-05-01,0,0.2053,0.6693,0.3593,0.7457,0.1163,0.3082,1,1,0.3568,0.2856,0.3964,0.3084,0.354,0.0,0.5892,1
2025-05-02,0,0.3229,0.4642,0.3522,0.5578,0.1151,0.3042,1,1,0.2942,0.2161,0.3679,0.2051,0.4234,0.0467,0.6054,1
2025-05-03,0,0.2995,0.5567,0.4335,0.3334,0.2842,0.3384,1,1,0.4555,0.1681,0.2557,0.4171,0.6231,0.0,0.4924,1
2025-05-04,0,0.0864,0.2085,0.4355,0.273,0.0613,0.3072,1,1,0.3928,0.2833,0.2609,0.3138,0.4024,0.0647,0.3684,1
2025-05-05,0,0.0,0.4999,0.4913,0.5667,0.2734,0.2462,1,1,0.3575,0.2898,0.5753,0.2913,0.2765,0.0172,0.302,1
2025-05-06,0,0.0,0.3488,0.4969,0.5435,0.096,0.2776,1,1,0.1315,0.1738,0.467,0.0876,0.4068,0.0,0.441,0
2025-05-07,0,0.0,0.5834,0.6033,0.5696,0.0,0.1159,1,1,0.2632,0.3152,0.3521,0.052,0.4842,0.0,0.5753,0
2025-05-08,0,0.5172,0.4202,0.4715,0.4831,0.0983,0.0,1,1,0.2101,0.4316,0.3609,0.0464,0.4803,0.0,0.6091,0
2025-05-09,0,0.5399,0.5258,0.8413,0.477,0.3481,0.224,1,1,0.2604,0.5259,0.3509,0.1912,0.415,0.0297,0.7136,1
2025-05-10,0,0.4203,0.5478,0.5542,0.3399,0.2233,0.2573,1,1,0.306,0.3485,0.2601,0.1309,0.6795,0.1008,0.5914,1
2025-05-11,0,0.216,0.3136,0.6458,0.5494,0.1053,0.1722,1,1,0.4718,0.3075,0.4063,0.0416,0.7489,0.0,0.4466,1
2025-05-12,0,0.013,0.6727,0.397,0.5455,0.2329,0.4041,1,1,0.4627,0.2764,0.3697,0.1557,0.4032,0.0,0.4962,1
2025-05-13,0,0.0917,0.4191,0.3414,0.5045,0.2679,0.41,1,1,0.2887,0.2612,0.1543,0.3034,0.4576,0.1036,0.4771,1
2025-05-14,0,0.0,0.4056,0.1986,0.6294,0.5068,0.3519,1,1,0.2948,0.2702,0.3165,0.263,0.5809,0.0248,0.5927,1
2025-05-15,0,0.3017,0.3742,0.3437,0.485,0.3951,0.4536,1,1,0.3336,0.2931,0.3447,0.494,0.5073,0.0939,0.7216,1
2025-05-16,0,0.0569,0.5994,0.2858,0.4704,0.2034,0.1808,1,1,0.3893,0.1468,0.4256,0.3844,0.415,0.0,0.5071,0
2025-05-17,0,0.0,0.4008,0.3161,0.3608,0.1401,0.0964,1,1,0.396,0.1684,0.1667,0.1351,0.2807,0.0,0.5484,0
2025-05-18,0,0.0,0.4128,0.5414,0.368,0.0981,0.0528,1,1,0.2076,0.0831,0.0807,0.1497,0.6812,0.0561,0.4767,0
2025-05-19,0,0.0,0.3613,0.3779,0.3717,0.3398,0.0,1,1,0.172,0.1349,0.2419,0.1776,0.4413,0.0,0.5208,0
2025-05-20,0,0.0967,0.5712,0.5844,0.2809,0.2796,0.0771,1,1,0.1865,0.1672,0.084,0.176,0.4482,0.0,0.5727,0
2025-05-21,0,0.0,0.2529,0.3588,0.5084,0.4439,0.2314,1,1,0.3059,0.1183,0.3105,0.3725,0.4332,0.0845,0.6243,0
2025-05-22,0,0.0,0.5654,0.4262,0.4483,0.3413,0.269,1,1,0.2136,0.2715,0.4903,0.3937,0.5572,0.0226,0.6008,1
2025-05-23,0,0.0,0.2614,0.4907,0.4569,0.0993,0.2376,1,1,0.2073,0.2175,0.3912,0.2677,0.3714,0.0635,0.6492,0
2025-05-24,0,0.1434,0.2132,0.4749,0.4212,0.1387,0.1423,1,1,0.2177,0.1203,0.4498,0.313,0.3653,0.0,0.6334,0
2025-05-25,0,0.0,0.2876,0.4264,0.3961,0.1425,0.1688,1,1,0.0,0.1212,0.1175,0.2587,0.4764,0.0,0.4422,0
2025-05-26,0,0.0,0.3231,0.3858,0.3653,0.2694,0.2035,1,1,0.1425,0.1242,0.2133,0.318,0.4159,0.0,0.5352,0
2025-05-27,1,0.0,0.3592,0.6096,0.548,0.2661,0.1866,1,1,0.2485,0.1737,0.1341,0.1522,0.4996,0.5112,0.3281,0
2025-05-28,0,0.0,0.3541,0.2311,0.6387,0.3378,0.5204,1,1,0.13,0.0,0.0627,0.2425,0.4426,0.0456,0.5171,0
2025-05-29,0,0.2011,0.673,0.3058,0.5132,0.1644,0.5623,1,1,0.1234,0.0752,0.0927,0.3055,0.3487,0.0,0.6465,1
2025-05-30,0,0.313,0.4685,0.4179,0.415,0.3272,0.4112,1,1,0.0537,0.1725,0.0535,0.4192,0.4252,0.0,0.5564,0
2025-05-31,0,0.1276,0.2792,0.4271,0.417,0.2962,0.2846,1,1,0.141,0.2157,0.1655,0.3271,0.3037,0.043,0.5227,0
2025-06-01,0,0.0,0.476,0.6352,0.4399,0.2747,0.3236,1,1,0.1464,0.3285,0.2462,0.2341,0.4411,0.0,0.4118,1
2025-06-02,0,0.0,0.2104,0.3462,0.5615,0.419,0.3792,1,1,0.2681,0.3991,0.3843,0.2869,0.486,0.0316,0.4185,1
2025-06-03,0,0.0,0.1055,0.3252,0.3543,0.2544,0.2761,1,1,0.3038,0.315,0.4916,0.437,0.3315,0.0727,0.4553,1
2025-06-04,0,0.261,0.3907,0.441,0.2925,0.1654,0.2292,1,1,0.3569,0.2824,0.4357,0.1826,0.3986,0.0,0.4531,1
2025-06-05,1,0.5791,0.5945,0.6317,0.2694,0.3925,0.2606,1,1,0.3814,0.3023,0.4686,0.4024,0.6092,0.6506,0.5877,1
2025-06-06,0,0.8566,0.6961,0.4791,0.327,0.5217,0.2567,1,1,0.6231,0.3791,0.2852,0.5447,0.5222,0.0,0.4177,1
2025-06-07,0,0.7176,0.6024,0.6443,0.0442,0.5864,0.5442,0,1,0.4459,0.5516,0.4426,0.6075,0.6825,0.0241,0.6002,1
2025-06-08,1,0.3754,0.281,0.8354,0.129,0.3742,0.4501,0,1,0.2946,0.4044,0.4735,0.651,0.4933,0.6783,0.3699,1
2025-06-09,1,0.1907,0.3348,0.6561,0.301,0.2999,0.2219,1,1,0.3538,0.3502,0.3615,0.5761,0.5915,0.7082,0.3786,1
2025-06-10,0,0.0289,0.4275,0.3743,0.35,0.2162,0.3844,1,1,0.4954,0.3226,0.3867,0.5209,0.5359,0.0737,0.326,1
2025-06-11,0,0.3363,0.46,0.4981,0.0569,0.382,0.4454,1,1,0.6045,0.3448,0.4951,0.4318,0.5196,0.0676,0.3933,1
2025-06-12,1,0.4873,0.5449,0.4537,0.1904,0.3505,0.2401,1,1,0.3062,0.3128,0.4613,0.4808,0.3491,0.6074,0.6422,1
2025-06-13,0,0.4208,0.3844,0.6198,0.3521,0.3874,0.2215,1,1,0.3793,0.213,0.4228,0.4335,0.3871,0.0395,0.5647,1
2025-06-14,0,0.4128,0.3458,0.4548,0.3836,0.3899,0.3759,1,1,0.3347,0.2687,0.5763,0.5047,0.3841,0.0,0.4245,1
2025-06-15,0,0.5577,0.6408,0.5531,0.3838,0.6507,0.4883,1,1,0.2001,0.3602,0.5991,0.6345,0.4912,0.0219,0.5797,1
2025-06-16,0,0.186,0.5359,0.4384,0.5142,0.5398,0.5448,1,1,0.4971,0.2979,0.4517,0.6792,0.6084,0.0,0.4426,1
2025-06-17,0,0.0,0.2845,0.439,0.4989,0.4367,0.7494,1,1,0.2379,0.2037,0.2458,0.5653,0.3264,0.0464,0.3418,1
2025-06-18,0,0.0,0.2094,0.4603,0.5253,0.3947,0.619,1,1,0.0421,0.3522,0.3836,0.4977,0.2992,0.0,0.4377,1
2025-06-19,0,0.1647,0.4682,0.4243,0.594,0.1989,0.4592,1,1,0.2135,0.1973,0.5049,0.3713,0.6254,0.0727,0.4822,1
2025-06-20,0,0.0,0.4224,0.5372,0.449,0.3149,0.2971,1,1,0.3095,0.0852,0.5473,0.3838,0.4059,0.0,0.4886,0
2025-06-21,0,0.0313,0.3632,0.3448,0.4298,0.4222,0.2846,1,1,0.327,0.1546,0.3184,0.2277,0.3179,0.0,0.5719,1
2025-06-22,0,0.0,0.4312,0.5055,0.3771,0.0383,0.1613,1,1,0.2741,0.0964,0.1816,0.1544,0.4486,0.0208,0.4391,0
2025-06-23,0,0.0,0.4057,0.7049,0.3788,0.2219,0.3374,1,1,0.4964,0.2433,0.2958,0.1782,0.604,0.0,0.5052,1
2025-06-24,1,0.0,0.254,0.5664,0.5176,0.2914,0.1786,1,1,0.5214,0.1989,0.3626,0.1751,0.3629,0.6252,0.3843,1
2025-06-25,0,0.0,0.5216,0.5745,0.6293,0.1437,0.1968,1,1,0.304,0.2994,0.5187,0.0625,0.2273,0.0,0.489,1
2025-06-26,0,0.1434,0.4297,0.3928,0.5813,0.0596,0.1705,1,1,0.363,0.2086,0.2892,0.0572,0.2949,0.0,0.6489,0
2025-06-27,0,0.1174,0.3304,0.2802,0.4253,0.1002,0.1381,1,1,0.41,0.2447,0.2741,0.0,0.3306,0.0618,0.614,1
2025-06-28,0,0.2124,0.4172,0.3924,0.3622,0.2814,0.2405,1,1,0.4013,0.2804,0.2116,0.2908,0.5057,0.1263,0.6253,1
2025-06-29,0,0.0,0.475,0.209,0.3732,0.0,0.3088,1,1,0.2564,0.1439,0.1713,0.2395,0.4571,0.0266,0.5271,0
2025-06-30,0,0.0,0.4999,0.3184,0.3976,0.0635,0.236,1,1,0.2296,0.0997,0.259,0.0367,0.337,0.0,0.3471,0
2025-07-01,1,0.0,0.169,0.6492,0.1997,0.2326,0.3625,1,1,0.2598,0.1099,0.3761,0.0405,0.4299,0.419,0.3927,0
2025-07-02,0,0.0873,0.2427,0.5391,0.3547,0.0017,0.211,1,1,0.2433,0.1137,0.4209,0.0077,0.5356,0.02,0.4567,0
2025-07-03,0,0.2117,0.3127,0.5387,0.48,0.3487,0.376,1,1,0.273,0.1762,0.5044,0.266,0.3708,0.1126,0.6028,1
2025-07-04,0,0.3858,0.7011,0.503,0.3952,0.3265,0.1814,1,1,0.275,0.1475,0.4569,0.2974,0.4466,0.0025,0.4794,0
2025-07-05,0,0.478,0.6187,0.5972,0.5562,0.4409,0.3603,1,1,0.4105,0.3186,0.2952,0.4865,0.5705,0.0846,0.4438,1
2025-07-06,0,0.1311,0.7013,0.5408,0.3832,0.4183,0.3593,1,0,0.2244,0.2972,0.3107,0.426,0.491,0.117,0.4325,1
2025-07-07,0,0.0,0.2274,0.4133,0.4376,0.2322,0.131,1,1,0.0912,0.0874,0.2749,0.3673,0.4243,0.1033,0.3397,0
2025-07-08,0,0.0,0.3148,0.466,0.554,0.2498,0.1773,1,1,0.2535,0.0398,0.0963,0.3637,0.2781,0.0149,0.3828,0
2025-07-09,1,0.0701,0.6195,0.1887,0.6254,0.5212,0.3236,1,1,0.489,0.0461,0.1559,0.375,0.489,0.6278,0.4663,1
2025-07-10,0,0.3327,0.4226,0.476,0.5079,0.4062,0.2175,1,1,0.21,0.2112,0.1495,0.4285,0.4339,0.0494,0.5322,0
2025-07-11,1,0.496,0.8582,0.314,0.4222,0.5134,0.2674,1,1,0.3002,0.3739,0.2795,0.4734,0.5066,0.6891,0.6324,1
2025-07-12,0,0.4709,0.5895,0.7093,0.4514,0.3542,0.2518,1,1,0.2782,0.2587,0.3163,0.4853,0.5941,0.2131,0.5373,1
2025-07-13,0,0.7442,0.8007,0.6561,0.2772,0.1397,0.2616,1,1,0.2219,0.4101,0.3406,0.502,0.2433,0.0229,0.5112,1
2025-07-14,0,0.2601,0.3311,0.5291,0.3986,0.2553,0.3495,1,1,0.0835,0.1826,0.4333,0.4955,0.4188,0.0516,0.4045,0
2025-07-15,0,0.0,0.3021,0.5597,0.482,0.113,0.1185,1,1,0.2393,0.1925,0.3716,0.2935,0.3414,0.0385,0.6199,0
2025-07-16,0,0.0,0.3807,0.4434,0.4847,0.0,0.0177,1,1,0.2326,0.2801,0.4279,0.1937,0.4498,0.0328,0.5736,0
2025-07-17,1,0.1051,0.4998,0.3658,0.3466,0.0,0.1554,1,1,0.2861,0.316,0.4829,0.2366,0.3932,0.5577,0.4993,1
2025-07-18,0,0.2405,0.6275,0.4202,0.5723,0.1121,0.1767,1,1,0.3555,0.2874,0.5562,0.2724,0.5281,0.0,0.5903,1
2025-07-19,0,0.0,0.5333,0.4301,0.7299,0.2299,0.3109,1,1,0.3762,0.3501,0.3664,0.3052,0.7529,0.0,0.488,1
2025-07-20,0,0.0,0.5664,0.4632,0.6879,0.4328,0.6069,1,1,0.3937,0.3484,0.4085,0.379,0.6588,0.0536,0.5566,1
2025-07-21,0,0.0,0.4648,0.5107,0.8086,0.3692,0.4632,1,1,0.1834,0.288,0.38,0.1962,0.4488,0.0028,0.3264,1
2025-07-22,0,0.0,0.3029,0.3319,0.5973,0.2471,0.4417,1,1,0.0584,0.1489,0.1787,0.2308,0.1904,0.0479,0.41,0
2025-07-23,0,0.0,0.2688,0.3046,0.5148,0.3152,0.4498,1,1,0.0983,0.2546,0.2422,0.2429,0.4696,0.0,0.384,1
2025-07-24,0,0.0551,0.4118,0.4785,0.4758,0.4198,0.3577,1,1,0.3436,0.2856,0.1176,0.2514,0.5412,0.1246,0.4688,1
2025-07-25,0,0.2039,0.3836,0.6758,0.4531,0.457,0.2958,1,1,0.227,0.193,0.3663,0.4461,0.494,0.0298,0.5426,0
2025-07-26,0,0.3201,0.5563,0.5885,0.3815,0.1638,0.1945,1,1,0.297,0.1663,0.3059,0.4991,0.3702,0.0316,0.4875,0
2025-07-27,0,0.0,0.4744,0.6137,0.2709,0.1591,0.2124,1,1,0.2735,0.2951,0.2939,0.3395,0.4849,0.0042,0.5366,1
2025-07-28,1,0.0,0.4244,0.367,0.2823,0.0516,0.075,1,1,0.1714,0.2509,0.3189,0.0541,0.5853,0.5024,0.4878,0
2025-07-29,0,0.0,0.3155,0.6008,0.2819,0.064,0.1843,1,1,0.2609,0.4468,0.2772,0.074,0.5701,0.0,0.4545,1
2025-07-30,0,0.0172,0.4684,0.4409,0.4867,0.1582,0.2331,1,1,0.296,0.3124,0.3082,0.0484,0.6206,0.0,0.532,1
2025-07-31,0,0.1596,0.6326,0.4375,0.4846,0.1901,0.271,1,1,0.2454,0.3068,0.3177,0.2387,0.4519,0.0,0.6269,1
2025-08-01,0,0.3079,0.535,0.4742,0.5367,0.0102,0.2455,1,1,0.0574,0.1476,0.1009,0.3624,0.2596,0.0,0.4535,0
2025-08-02,1,0.2903,0.5944,0.4708,0.5722,0.1152,0.2389,1,1,0.4083,0.2439,0.247,0.2492,0.4121,0.4609,0.4703,1
2025-08-03,1,0.1688,0.3994,0.7191,0.2896,0.2038,0.3037,1,1,0.3902,0.4215,0.2772,0.1187,0.6462,0.4969,0.2795,1
2025-08-04,0,0.26,0.4632,0.6688,0.3322,0.1937,0.2257,1,1,0.1091,0.2464,0.4887,0.1506,0.3099,0.0,0.3947,0
2025-08-05,0,0.0526,0.375,0.4323,0.4411,0.0768,0.1579,1,1,0.2286,0.2169,0.4221,0.1725,0.5432,0.0,0.4623,0
2025-08-06,0,0.4651,0.751,0.6136,0.3409,0.3631,0.3374,1,1,0.1324,0.2408,0.4442,0.3709,0.3136,0.0,0.5311,0
2025-08-07,0,0.628,0.5075,0.5965,0.0791,0.304,0.1446,1,1,0.3639,0.2981,0.3471,0.4095,0.4655,0.0571,0.4991,1
2025-08-08,1,0.6834,0.6469,0.6393,0.2066,0.6202,0.2998,1,0,0.3712,0.2711,0.1558,0.536,0.5675,0.8274,0.5202,1
2025-08-09,0,0.7146,0.4377,0.6327,0.3819,0.5701,0.4176,1,1,0.3216,0.3137,0.1832,0.6233,0.6268,0.0,0.4654,1
2025-08-10,0,0.1595,0.6058,0.5549,0.4843,0.3341,0.2705,1,1,0.2356,0.2882,0.3322,0.5114,0.3619,0.0316,0.4698,1
2025-08-11,0,0.0,0.34,0.3228,0.5822,0.2285,0.2592,1,1,0.2406,0.1563,0.142,0.3531,0.5313,0.1374,0.392,0
2025-08-12,0,0.0,0.2051,0.3041,0.7128,0.1957,0.2864,1,1,0.1596,0.1592,0.2365,0.3339,0.4386,0.0,0.4009,0
2025-08-13,0,0.0,0.5407,0.0852,0.6259,0.4752,0.3178,1,1,0.37,0.1542,0.2539,0.3639,0.369,0.0285,0.457,1
2025-08-14,0,0.078,0.4806,0.3725,0.6556,0.3675,0.1859,1,1,0.2752,0.0613,0.1742,0.2658,0.4081,0.0072,0.5881,0
2025-08-15,0,0.0275,0.3222,0.2428,0.6981,0.0,0.1037,1,1,0.3181,0.0742,0.1908,0.0921,0.5986,0.0586,0.4912,0
2025-08-16,0,0.0,0.5512,0.3499,0.613,0.1227,0.0379,1,1,0.3558,0.0981,0.2656,0.0235,0.529,0.0277,0.5847,0
2025-08-17,0,0.0,0.0212,0.506,0.5604,0.0821,0.0165,1,1,0.2812,0.2813,0.2372,0.0,0.6136,0.1159,0.4607,0
2025-08-18,0,0.0,0.5378,0.637,0.4128,0.3129,0.143,1,1,0.1301,0.2889,0.3886,0.2895,0.6253,0.0,0.3609,0
2025-08-19,0,0.0,0.2837,0.4229,0.2132,0.2361,0.1744,1,1,0.1468,0.2755,0.1986,0.193,0.236,0.0361,0.3278,0
2025-08-20,0,0.0,0.533,0.5306,0.3862,0.1069,0.128,1,1,0.1535,0.1479,0.352,0.0711,0.5278,0.0347,0.6396,0
2025-08-21,0,0.1174,0.5497,0.4041,0.3564,0.2443,0.3628,1,1,0.2886,0.1994,0.4064,0.1789,0.4355,0.0651,0.4924,1
2025-08-22,0,0.1923,0.2686,0.6683,0.2886,0.3182,0.1492,1,1,0.1715,0.2235,0.325,0.0168,0.488,0.0,0.6434,0
2025-08-23,0,0.0,0.2595,0.472,0.325,0.489,0.0924,1,1,0.0,0.0343,0.3024,0.0999,0.3946,0.0,0.4583,0
2025-08-24,0,0.0,0.4286,0.3445,0.4464,0.3611,0.0688,1,1,0.243,0.013,0.1955,0.1048,0.3506,0.0057,0.475,0
2025-08-25,0,0.0,0.3292,0.5887,0.5066,0.0,0.0165,1,1,0.198,0.097,0.1787,0.1205,0.3866,0.0,0.447,0
2025-08-26,0,0.0,0.1654,0.4805,0.4538,0.0676,0.0877,1,1,0.1169,0.1182,0.0804,0.2493,0.4432,0.0,0.2579,0
2025-08-27,0,0.1841,0.4775,0.4444,0.4573,0.2267,0.2275,1,1,0.1537,0.1082,0.3336,0.3374,0.367,0.0304,0.5431,0
2025-08-28,0,0.2135,0.3003,0.3066,0.3219,0.2425,0.3056,1,1,0.2289,0.1831,0.2171,0.311,0.6226,0.0828,0.5434,0
2025-08-29,0,0.3191,0.2717,0.3927,0.4622,0.4962,0.4495,1,1,0.1506,0.1596,0.2811,0.3387,0.4939,0.0,0.5165,1
2025-08-30,0,0.027,0.2173,0.4814,0.4713,0.3377,0.4655,1,1,0.3146,0.2345,0.2984,0.3942,0.3227,0.0202,0.5922,1
2025-08-31,0,0.0,0.3822,0.4895,0.644,0.3351,0.5069,1,1,0.2963,0.2158,0.2515,0.5372,0.4389,0.0964,0.6035,1
2025-09-01,0,0.0,0.5724,0.3533,0.5573,0.1874,0.3717,1,1,0.4836,0.1707,0.2458,0.4825,0.5394,0.0,0.4315,1
2025-09-02,0,0.0,0.7596,0.4082,0.5732,0.0794,0.2666,1,1,0.3986,0.2625,0.2136,0.2873,0.6077,0.0,0.4543,1
2025-09-03,0,0.0,0.3385,0.5653,0.4821,0.1999,0.1685,1,1,0.2538,0.238,0.1945,0.2543,0.5787,0.0743,0.3941,0
2025-09-04,0,0.1615,0.2062,0.7722,0.4796,0.2058,0.1031,1,1,0.2145,0.4359,0.2993,0.2287,0.5843,0.0,0.6551,1
2025-09-05,0,0.4641,0.6144,0.5763,0.4372,0.3141,0.371,1,1,0.0188,0.3568,0.3848,0.2411,0.2282,0.0723,0.5123,0
2025-09-06,0,0.4177,0.577,0.7512,0.3886,0.3392,0.3064,1,1,0.1861,0.2012,0.2989,0.3715,0.3974,0.0532,0.5668,0
2025-09-07,0,0.3902,0.6064,0.4856,0.3348,0.6441,0.2976,1,1,0.2661,0.1512,0.1554,0.5075,0.5429,0.0558,0.5402,0
2025-09-08,1,0.0,0.4235,0.3746,0.4382,0.5079,0.4573,1,1,0.2169,0.0849,0.1674,0.3517,0.4023,0.5543,0.4454,1
2025-09-09,0,0.0,0.4006,0.2609,0.4872,0.2373,0.3062,1,1,0.0559,0.0,0.104,0.3482,0.3686,0.1237,0.4615,0
2025-09-10,0,0.085,0.2853,0.3178,0.4469,0.2241,0.2779,1,1,0.2126,0.0973,0.1812,0.3333,0.3396,0.0559,0.5333,0
2025-09-11,0,0.2289,0.4219,0.7153,0.3619,0.2108,0.2836,1,1,0.4501,0.3012,0.39,0.3657,0.5547,0.0107,0.5444,1
2025-09-12,0,0.3684,0.6557,0.4876,0.4235,0.0525,0.3676,1,1,0.3695,0.2211,0.3805,0.2353,0.5498,0.0739,0.7065,1
2025-09-13,1,0.0,0.441,0.2162,0.3331,0.0209,0.2295,1,1,0.4456,0.3915,0.3903,0.2249,0.4807,0.5878,0.5741,1
2025-09-14,0,0.0,0.7596,0.4248,0.4625,0.3129,0.1742,1,1,0.3493,0.3799,0.3316,0.3867,0.6404,0.0,0.506,1
2025-09-15,0,0.0,0.2507,0.4151,0.5681,0.2357,0.3453,1,1,0.2692,0.2344,0.36,0.2534,0.5367,0.0783,0.3909,1
2025-09-16,0,0.0,0.6472,0.3851,0.6985,0.2783,0.4086,1,1,0.4477,0.1389,0.4021,0.2579,0.454,0.0293,0.5544,1
2025-09-17,0,0.0,0.4062,0.3478,0.7557,0.1632,0.3525,1,1,0.4269,0.1675,0.3334,0.1167,0.492,0.0,0.5896,1
2025-09-18,0,0.0,0.1408,0.2893,0.6249,0.1131,0.2198,1,1,0.2087,0.0625,0.1186,0.321,0.1483,0.1308,0.6169,0
2025-09-19,0,0.0,0.4003,0.5749,0.7158,0.0143,0.246,1,1,0.3633,0.1467,0.0904,0.2599,0.6546,0.0204,0.7896,1
2025-09-20,0,0.0,0.5264,0.4106,0.6544,0.0976,0.3755,1,1,0.1386,0.1922,0.1244,0.2719,0.2983,0.0875,0.5294,0
2025-09-21,0,0.0,0.474,0.4366,0.4567,0.243,0.3392,1,1,0.039,0.0,0.0603,0.3627,0.4115,0.033,0.5175,0
2025-09-22,0,0.0,0.4554,0.488,0.2753,0.1558,0.4129,1,1,0.1235,0.0445,0.2591,0.2871,0.2877,0.0,0.2452,0
2025-09-23,0,0.0,0.5113,0.5409,0.1935,0.2646,0.398,1,1,0.0698,0.0056,0.0901,0.193,0.4667,0.0,0.3457,0
2025-09-24,0,0.0,0.3524,0.5372,0.2649,0.0436,0.2102,1,1,0.2126,0.2548,0.1554,0.1577,0.5867,0.0,0.4116,0
2025-09-25,0,0.1298,0.5156,0.4252,0.3531,0.2808,0.3408,1,1,0.283,0.296,0.2117,0.1708,0.4108,0.0,0.5283,1
2025-09-26,0,0.2755,0.3487,0.4,0.2703,0.1356,0.3239,1,1,0.1501,0.2368,0.0586,0.1715,0.3599,0.0,0.5803,0
2025-09-27,0,0.3346,0.5381,0.4973,0.381,0.2159,0.2641,1,1,0.2856,0.325,0.293,0.1955,0.3423,0.0,0.6281,1
2025-09-28,1,0.0288,0.3744,0.3912,0.3899,0.1566,0.3948,1,1,0.2962,0.194,0.3277,0.2206,0.4581,0.5394,0.4381,1
2025-09-29,0,0.0,0.5929,0.3751,0.2838,0.0532,0.1325,1,1,0.3741,0.1691,0.3163,0.0856,0.3066,0.0,0.5121,0
2025-09-30,0,0.0,0.5669,0.5264,0.3672,0.1025,0.1082,1,1,0.3519,0.2971,0.4507,0.1175,0.5185,0.0,0.3288,1
2025-10-01,0,0.1447,0.4721,0.3398,0.6181,0.0364,0.0385,1,1,0.2078,0.1109,0.2117,0.081,0.4252,0.0263,0.5903,0
2025-10-02,1,0.4329,0.4786,0.6908,0.4415,0.107,0.2635,1,1,0.3313,0.2726,0.1753,0.1562,0.3835,0.4732,0.6823,1
2025-10-03,1,0.637,0.5017,0.6381,0.2182,0.2725,0.3274,1,1,0.2946,0.3135,0.317,0.3859,0.3625,0.5206,0.6086,1
2025-10-04,0,0.6356,0.7106,0.5859,0.2239,0.2493,0.1863,1,1,0.1822,0.1972,0.3094,0.5166,0.5418,0.0,0.531,0
2025-10-05,0,0.479,0.6146,0.6656,0.2198,0.5386,0.4717,1,1,0.5146,0.2365,0.4857,0.7223,0.441,0.062,0.4931,1
2025-10-06,0,0.2595,0.755,0.6207,0.2881,0.5946,0.475,1,1,0.3721,0.2281,0.4224,0.5562,0.2822,0.0,0.3545,1
2025-10-07,0,0.0601,0.2754,0.3533,0.3898,0.6622,0.5292,1,1,0.2799,0.1176,0.3845,0.5415,0.4169,0.0069,0.2954,1
2025-10-08,0,0.2463,0.2843,0.381,0.3641,0.3692,0.4281,1,1,0.2673,0.1575,0.3864,0.3216,0.4573,0.0,0.4957,1
2025-10-09,0,0.3319,0.5896,0.6583,0.127,0.3488,0.5842,1,1,0.342,0.1098,0.2458,0.4643,0.5684,0.0167,0.5944,1
2025-10-10,1,0.1762,0.4044,0.6458,0.4701,0.2712,0.6019,1,1,0.0432,0.2151,0.2361,0.6552,0.4489,0.4819,0.7128,1
2025-10-11,0,0.1773,0.4314,0.1547,0.5499,0.3646,0.3971,1,1,0.259,0.186,0.3646,0.5137,0.3288,0.0,0.4743,1
2025-10-12,0,0.1941,0.4972,0.2907,0.5366,0.0689,0.2534,1,1,0.181,0.2365,0.4633,0.3247,0.4736,0.0,0.5013,0
2025-10-13,0,0.0,0.4205,0.2236,0.5073,0.192,0.4059,1,1,0.3577,0.2654,0.4016,0.3094,0.6691,0.0489,0.2501,1
2025-10-14,0,0.0,0.2966,0.3277,0.5541,0.0539,0.4276,1,1,0.2914,0.1314,0.3542,0.3125,0.3857,0.0149,0.4402,1
2025-10-15,0,0.0,0.1583,0.2913,0.5152,0.0,0.3078,1,1,0.0078,0.2081,0.1902,0.1763,0.2435,0.0,0.5137,0
2025-10-16,0,0.0,0.557,0.4471,0.5793,0.226,0.2708,1,1,0.2096,0.1802,0.2285,0.15,0.4928,0.0,0.7248,0
2025-10-17,0,0.0,0.3604,0.6336,0.5205,0.0,0.3208,1,1,0.3017,0.1442,0.1497,0.1222,0.4175,0.0,0.5131,1
2025-10-18,0,0.0,0.3901,0.5398,0.4819,0.0,0.078,1,1,0.3617,0.1569,0.3335,0.0,0.5698,0.0079,0.5896,0
2025-10-19,0,0.0,0.4394,0.3372,0.4971,0.1906,0.5601,1,1,0.1929,0.2419,0.1086,0.0699,0.4468,0.0839,0.5406,1
2025-10-20,0,0.0,0.3155,0.3147,0.3731,0.1999,0.4381,1,1,0.152,0.2192,0.0129,0.1619,0.542,0.0,0.372,1
2025-10-21,0,0.0,0.6447,0.2933,0.3965,0.2293,0.4912,1,1,0.2324,0.3827,0.1922,0.2162,0.4028,0.0442,0.3312,1
2025-10-22,0,0.0,0.2055,0.3747,0.3234,0.0,0.2009,1,1,0.3005,0.2813,0.1256,0.2237,0.2456,0.0496,0.5491,1
2025-10-23,0,0.1759,0.4249,0.3513,0.3197,0.1654,0.1248,1,1,0.1633,0.2852,0.2332,0.0973,0.3046,0.0099,0.4807,0
2025-10-24,0,0.146,0.1433,0.3207,0.4175,0.2474,0.0311,1,1,0.1152,0.1628,0.2566,0.1497,0.489,0.0,0.5844,0
2025-10-25,0,0.0622,0.225,0.3019,0.55,0.0,0.1426,1,1,0.201,0.1959,0.3484,0.0755,0.3777,0.1128,0.6159,0
2025-10-26,0,0.0,0.3473,0.2832,0.5472,0.0729,0.3663,1,1,0.2559,0.1274,0.2455,0.0766,0.4053,0.0,0.5589,0
2025-10-27,0,0.0,0.6056,0.3824,0.6682,0.1945,0.4275,1,1,0.3517,0.2366,0.4739,0.0,0.4363,0.0,0.3815,1
2025-10-28,0,0.1778,0.6563,0.2435,0.7215,0.383,0.4875,1,1,0.2311,0.1545,0.3847,0.2109,0.5789,0.0,0.3926,1
2025-10-29,0,0.1687,0.5085,0.3926,0.5305,0.5002,0.3856,1,1,0.1279,0.2641,0.0552,0.2466,0.4525,0.0573,0.49,1
2025-10-30,0,0.2336,0.7811,0.414,0.4687,0.3108,0.312,1,1,0.2803,0.1853,0.2374,0.1391,0.4028,0.0,0.5889,1
2025-10-31,0,0.3018,0.3906,0.7106,0.5073,0.438,0.3369,1,1,0.3933,0.4487,0.3441,0.3007,0.5465,0.0,0.5982,1
2025-11-01,0,0.4641,0.4806,0.7083,0.5499,0.3647,0.4796,1,1,0.2192,0.4793,0.3827,0.3607,0.5269,0.1078,0.6054,1
2025-11-02,0,0.4933,0.6539,0.5085,0.4255,0.5122,0.4341,1,1,0.2355,0.4493,0.4488,0.4561,0.4616,0.1081,0.5176,1
2025-11-03,0,0.1707,0.5202,0.6237,0.5142,0.027,0.2084,1,1,0.2887,0.4399,0.4935,0.3039,0.5155,0.0,0.4269,1
2025-11-04,0,0.3372,0.5664,0.3349,0.4918,0.1275,0.2079,1,1,0.2763,0.3956,0.429,0.2851,0.4899,0.0,0.3851,1
2025-11-05,0,0.3387,0.3849,0.4295,0.5707,0.1736,0.204,1,1,0.2544,0.3133,0.2792,0.3597,0.3864,0.0,0.4151,1
2025-11-06,0,0.644,0.6047,0.5839,0.4582,0.2024,0.251,0,1,0.2302,0.3222,0.4092,0.292,0.6353,0.0,0.3878,1
2025-11-07,0,0.9253,0.7116,0.6558,0.2166,0.2906,0.4417,1,1,0.3166,0.1215,0.4572,0.3877,0.4501,0.0065,0.6905,1
2025-11-08,0,0.7064,0.542,0.7066,0.1345,0.5439,0.545,1,1,0.4104,0.208,0.5191,0.5062,0.5794,0.0594,0.5767,1
2025-11-09,0,0.2638,0.4343,0.4212,0.3157,0.3363,0.4717,1,1,0.1719,0.2036,0.4757,0.4505,0.5286,0.0744,0.4363,1
2025-11-10,1,0.0,0.3653,0.3818,0.4626,0.2913,0.3394,1,1,0.0339,0.0979,0.2314,0.3615,0.3347,0.5035,0.4574,0
2025-11-11,0,0.0,0.172,0.3407,0.3864,0.3921,0.2595,1,1,0.0942,0.1072,0.3571,0.3614,0.456,0.0,0.5583,0
2025-11-12,0,0.1129,0.5759,0.2323,0.5105,0.3786,0.2644,1,1,0.1937,0.1394,0.3456,0.4542,0.4437,0.16,0.4028,0
2025-11-13,0,0.1126,0.3106,0.3852,0.6478,0.3603,0.174,1,1,0.1344,0.1394,0.3034,0.219,0.4723,0.0409,0.5015,0
2025-11-14,0,0.0762,0.3459,0.4286,0.6009,0.2846,0.3963,1,1,0.1068,0.2842,0.2508,0.3951,0.5772,0.0091,0.6057,1
2025-11-15,0,0.0,0.2659,0.3601,0.6678,0.1451,0.2574,1,1,0.3053,0.0662,0.1687,0.3505,0.2803,0.1219,0.4762,0
2025-11-16,0,0.0,0.2473,0.497,0.6315,0.1451,0.3425,1,1,0.3005,0.0598,0.249,0.3351,0.2936,0.024,0.4876,0
2025-11-17,0,0.0,0.4129,0.4942,0.5682,0.1537,0.0621,1,1,0.0313,0.0213,0.1365,0.283,0.2756,0.0,0.5806,0
2025-11-18,0,0.0,0.6764,0.3516,0.6291,0.0734,0.2059,1,1,0.0769,0.0,0.0,0.146,0.2568,0.0,0.4667,0
2025-11-19,0,0.0,0.3241,0.4817,0.5757,0.0066,0.2325,1,1,0.1268,0.2431,0.3257,0.0886,0.4107,0.0,0.5328,0
2025-11-20,0,0.0163,0.3088,0.4574,0.4057,0.0,0.0,1,1,0.3206,0.2703,0.4205,0.166,0.5712,0.0,0.6131,0
2025-11-21,0,0.0,0.2357,0.335,0.5068,0.1624,0.0,1,1,0.2041,0.1849,0.3034,0.2189,0.3708,0.0215,0.4325,0
2025-11-22,0,0.0,0.5625,0.4927,0.6022,0.2331,0.2169,1,1,0.2307,0.1955,0.4199,0.3617,0.4826,0.0,0.5284,0
2025-11-23,0,0.024,0.4552,0.4343,0.4996,0.3076,0.2872,1,1,0.4395,0.2289,0.534,0.4392,0.4925,0.0279,0.3903,1
2025-11-24,0,0.0,0.273,0.4672,0.5212,0.2783,0.3424,0,1,0.1075,0.2099,0.2925,0.3793,0.546,0.0411,0.3962,0
2025-11-25,0,0.0,0.4907,0.3773,0.4819,0.14,0.6004,1,1,0.1058,0.1463,0.2047,0.3432,0.2807,0.0,0.313,1
2025-11-26,0,0.0,0.3461,0.4393,0.5576,0.0884,0.3754,1,1,0.1001,0.1861,0.2944,0.1918,0.4186,0.0,0.5454,0
2025-11-27,0,0.3209,0.6706,0.3733,0.5029,0.5019,0.3117,1,1,0.2588,0.2458,0.2948,0.3884,0.5657,0.0435,0.5738,1
2025-11-28,0,0.3381,0.5156,0.3031,0.5218,0.632,0.5755,1,1,0.4449,0.1959,0.2727,0.6756,0.3564,0.1076,0.5853,1
2025-11-29,1,0.1936,0.5269,0.3756,0.595,0.6162,0.3961,1,1,0.2266,0.1029,0.2504,0.5953,0.242,0.6606,0.4469,0
2025-11-30,0,0.0,0.6223,0.5639,0.4149,0.2701,0.3985,1,1,0.2477,0.2155,0.0368,0.2657,0.3359,0.0,0.32,1
2025-12-01,0,0.0,0.4991,0.4043,0.4359,0.2759,0.4673,1,1,0.2724,0.1846,0.068,0.3196,0.4055,0.0883,0.4415,1
2025-12-02,0,0.1128,0.2189,0.5567,0.3977,0.1124,0.2106,1,1,0.1521,0.1022,0.1779,0.2128,0.5823,0.0,0.4014,0
2025-12-03,0,0.2064,0.4908,0.6235,0.6206,0.1398,0.1587,1,1,0.3082,0.1688,0.3868,0.2067,0.626,0.0,0.4491,0
2025-12-04,0,0.1737,0.2176,0.5631,0.6411,0.3822,0.2113,1,1,0.3311,0.2527,0.3073,0.3262,0.5405,0.0747,0.5891,1
2025-12-05,0,0.377,0.4736,0.8019,0.6753,0.5833,0.2204,1,1,0.1527,0.2006,0.1687,0.5711,0.5753,0.0818,0.5641,0
2025-12-06,0,0.3731,0.6168,0.4977,0.6658,0.4363,0.2314,1,1,0.2989,0.1906,0.0168,0.5545,0.3222,0.0,0.3942,0
2025-12-07,0,0.2976,0.5637,0.558,0.4327,0.4966,0.1872,1,1,0.2737,0.289,0.1348,0.5444,0.545,0.0,0.4259,0
2025-12-08,0,0.0,0.4431,0.202,0.5517,0.429,0.2589,1,1,0.2063,0.2611,0.1591,0.5145,0.3583,0.0,0.3212,0
2025-12-09,0,0.0103,0.1921,0.4972,0.4271,0.2782,0.1428,1,1,0.1809,0.2011,0.4402,0.3774,0.3332,0.0911,0.5197,0
2025-12-10,0,0.3527,0.3919,0.6062,0.5126,0.2894,0.2318,0,1,0.413,0.117,0.334,0.387,0.5463,0.0,0.5034,1
2025-12-11,1,0.5191,0.3978,0.4884,0.6019,0.491,0.363,0,1,0.3557,0.1659,0.3107,0.7358,0.4437,0.6666,0.5529,1
2025-12-12,0,0.4309,0.5386,0.5222,0.5101,0.3015,0.3281,1,1,0.4539,0.3019,0.2479,0.6166,0.7139,0.0688,0.6693,1
2025-12-13,0,0.1848,0.2619,0.4594,0.51,0.3075,0.2843,1,1,0.363,0.3513,0.2974,0.5595,0.3151,0.1775,0.6843,1
2025-12-14,0,0.0,0.3855,0.2211,0.5624,0.3203,0.1377,1,1,0.3404,0.1871,0.303,0.2746,0.5737,0.0,0.5642,0
2025-12-15,0,0.0,0.3089,0.6703,0.457,0.2601,0.3032,1,1,0.2683,0.2301,0.2317,0.2979,0.3708,0.0,0.3043,1
2025-12-16,0,0.0,0.214,0.3432,0.4626,0.1756,0.3099,1,1,0.1793,0.1995,0.3086,0.3245,0.3548,0.1864,0.4979,0
2025-12-17,1,0.0,0.4477,0.3933,0.3974,0.1238,0.2301,1,1,0.2051,0.2381,0.2307,0.2516,0.2192,0.5406,0.4019,0
2025-12-18,1,0.0,0.4577,0.374,0.5073,0.0863,0.2656,1,1,0.2327,0.189,0.3025,0.1664,0.3829,0.6266,0.6389,0
2025-12-19,0,0.2119,0.5377,0.635,0.5656,0.2232,0.2769,1,1,0.268,0.2091,0.2923,0.2173,0.4974,0.0,0.6211,1
2025-12-20,0,0.0,0.4362,0.4959,0.6746,0.3886,0.3451,1,1,0.162,0.2038,0.0758,0.2817,0.4247,0.0,0.5516,0
2025-12-21,0,0.0,0.335,0.2584,0.6372,0.4498,0.3617,1,1,0.3403,0.1437,0.2298,0.3376,0.3275,0.0188,0.4709,1
2025-12-22,0,0.0,0.397,0.4104,0.6489,0.2584,0.3153,1,1,0.2015,0.1247,0.2311,0.4111,0.2409,0.0,0.3188,0
2025-12-23,0,0.0,0.0846,0.2108,0.6247,0.1641,0.2041,1,1,0.1291,0.047,0.337,0.3575,0.313,0.034,0.4733,0
2025-12-24,0,0.0,0.256,0.5223,0.6109,0.0075,0.0637,1,1,0.1584,0.1712,0.3154,0.0725,0.4875,0.0338,0.6293,0
2025-12-25,0,0.1536,0.5626,0.61,0.5237,0.3307,0.3767,1,1,0.3364,0.159,0.4435,0.2349,0.519,0.1057,0.6224,1
2025-12-26,0,0.137,0.516,0.466,0.4315,0.2373,0.2887,1,1,0.4337,0.3767,0.5246,0.3465,0.6286,0.0,0.653,1
2025-12-27,0,0.2137,0.4567,0.3095,0.3814,0.2139,0.1447,1,1,0.3692,0.334,0.4682,0.2403,0.4578,0.0,0.3881,1
2025-12-28,0,0.3078,0.252,0.4864,0.5288,0.1682,0.3177,1,1,0.5297,0.3878,0.3607,0.3139,0.4981,0.0,0.6419,1
2025-12-29,0,0.0,0.3974,0.2944,0.5518,0.1245,0.2092,1,1,0.29,0.3193,0.516,0.3361,0.6285,0.0114,0.2977,1
2025-12-30,0,0.0,0.102,0.3718,0.7156,0.1254,0.2687,1,1,0.1309,0.2067,0.478,0.443,0.3284,0.0288,0.3957,0
2025-12-31,0,0.0,0.4163,0.4801,0.6904,0.0,0.1838,1,1,0.0722,0.1597,0.3031,0.2267,0.2917,0.1362,0.5227,0
